scaffold	total genes	all KEGG	KEGG v-score	all Pfam	Pfam v-score	all VOG	VOG v-score	KEGG int-rep	KEGG zero	Pfam int-rep	Pfam zero	VOG redoxin	VOG rec-tran	VOG int	VOG RnR	VOG DNA	KEGG restriction check	KEGG toxin check	VOG special	annotation check	p_v check	p_k check	k_v check	k check	p check	v check	h check
MH552510.2 Microviridae sp. isolate ctch16, complete genome	0.7781512503836436	0.0	0.0	0.16666666666666666	1.6666666666666667	0.3333333333333333	1.6666666666666667	0.0	0.0	0.0	0.0	0.0	0.0	0.0	0.0	0.16666666666666666	0.0	0.0	0.16666666666666666	0.0	0.16666666666666666	0.0	0.0	0.0	0.0	0.16666666666666666	0.6666666666666666
NC_001331.1 Pseudomonas phage Pf1, complete genome	1.1139433523068367	0.07692307692307693	0.06461538461538462	0.23076923076923078	0.0458974358974359	0.15384615384615385	0.06846153846153846	0.0	0.0	0.0	0.0	0.0	0.0	0.0	0.0	0.0	0.0	0.0	0.0	0.07692307692307693	0.0	0.0	0.0	0.0	0.15384615384615385	0.07692307692307693	0.6923076923076923
MK064567.1 Sulfolobus polyhedral virus 2 clone F, complete genome	1.5797835966168101	0.0	0.0	0.0	0.0	0.18421052631578946	0.013984962406015036	0.0	0.0	0.0	0.0	0.0	0.0	0.0	0.0	0.0	0.0	0.0	0.02631578947368421	0.0	0.0	0.0	0.0	0.0	0.0	0.18421052631578946	0.8157894736842105
MH552500.1 CrAssphage sp. isolate ctcc615, complete genome	1.9395192526186185	0.06896551724137931	0.029655172413793104	0.08045977011494253	0.018834154351395734	0.1724137931034483	0.0467816091954023	0.0	0.011494252873563218	0.0	0.0	0.0	0.0	0.0	0.011494252873563218	0.034482758620689655	0.0	0.0	0.0	0.04597701149425287	0.022988505747126436	0.0	0.011494252873563218	0.011494252873563218	0.011494252873563218	0.09195402298850575	0.8045977011494253
