principal component 1	principal component 2	scaffold
1.753875475060829	-0.0051424711238837835	MH552510.2 Microviridae sp. isolate ctch16, complete genome
-0.5502446103125507	0.194198015629753	NC_001331.1 Pseudomonas phage Pf1, complete genome
-0.6195091479946577	-0.15384604108195998	MK064567.1 Sulfolobus polyhedral virus 2 clone F, complete genome
-0.5841217167536208	-0.03520950342390897	MH552500.1 CrAssphage sp. isolate ctcc615, complete genome
